well_id,structure_id,slab_num,well_id,slab_type,structure_acronym,structure_name,polygon_id,mri_voxel_x,mri_voxel_y,mri_voxel_z,mni_x,mni_y,mni_z,donor,suit_x,suit_y,suit_z,Y
1138,4707,68,1138,CB,Ve-VIIAt,VIIAt,64944,87,130,151,5.9908952789628,-87.67797194547579,-28.9016062257244,9861,10,-85,-26,0.5008449118052211
1068,4723,71,1068,CB,PV-Crus I,"Crus I, left, paravermis",65135,95,122,138,-3.56319155927213,-73.6219245556672,-23.372008802415905,9861,-1,-70,-21,0.43659040813936906
1066,4759,67,1066,CB,PV-VIIIA,"VIIIA, right, paravermis",56062,84,142,131,9.57109899923664,-69.42014764527259,-44.4240273315825,9861,13,-68,-44,0.36193993208663805
1129,4755,67,1129,CB,PV-VI,"VI, right, paravermis",56041,84,120,139,9.7306676929622,-72.84151354218601,-22.100247799315,9861,13,-70,-19,0.5488742248100393
1130,4738,78,1130,CB,He-VI,"VI, left, lateral hemisphere",56087,133,127,130,-42.7509443088063,-66.3167194394467,-28.061216319692804,9861,-43,-65,-27,0.802484292536974
1122,4739,78,1122,CB,He-Crus I,"Crus I, left, lateral hemisphere",56086,133,132,135,-44.1644635495315,-73.7748512325719,-33.8909361503417,9861,-44,-72,-31,0.6016166007944516
1114,4740,78,1114,CB,He-Crus II,"Crus II, left, lateral hemisphere",56085,133,142,127,-43.4797233240208,-67.78645455894801,-46.3788375653901,9861,-43,-66,-44,0.6346550683180491
1106,4741,78,1106,CB,He-VIIB,"VIIB, left, lateral hemisphere",56084,133,144,120,-42.4831511897068,-60.0550748939363,-48.6822365791021,9861,-43,-59,-48,0.7332386689053642
1098,4742,78,1098,CB,He-VIIIA,"VIIIA, left, lateral hemisphere",56083,133,143,116,-41.9745271328678,-55.1001974867635,-47.75954951270661,9861,-43,-54,-47,0.7607659539755653
1123,4700,68,1123,CB,Ve-I-II,I-II,64814,87,120,114,6.16412527817698,-44.826585856678,-25.5291663996084,9861,10,-44,-23,0.1853336336521002
1115,4701,68,1115,CB,Ve-III,III,64815,87,118,119,6.09928400045908,-49.1309819471038,-22.61361442857889,9861,10,-49,-21,0.13154064926008383
1131,4711,68,1131,CB,Ve-IX,IX,64813,87,123,112,6.00621734407234,-44.00156807762771,-28.7549450627212,9861,10,-43,-27,0.23642673095067343
1107,4701,68,1107,CB,Ve-III,III,64786,87,112,113,7.0468827691033695,-40.02491502235971,-17.8488019844463,9861,9,-39,-14,0.25793403221501243
1099,4702,68,1099,CB,Ve-IV,IV,64785,87,108,118,6.83137372873887,-43.5027929153325,-12.9810092220984,9861,9,-43,-9,0.3142295216812807
1091,4703,68,1091,CB,Ve-V,V,64784,87,117,132,6.10996786881451,-64.4636237333718,-19.6694532305547,9861,9,-62,-17,0.4111628242664867
1059,4705,68,1059,CB,Ve-VI,VI,64940,87,126,143,6.719793850558442,-79.0801171958755,-26.3081546889284,9861,10,-75,-24,0.7150696206975866
1146,4706,68,1146,CB,Ve-VIIAf,VIIAf,64939,87,126,145,6.51177187634744,-80.933392380841,-26.201101346995,9861,10,-77,-24,0.6798670611211232
1067,4708,68,1067,CB,Ve-VIIB,VIIB,64941,86,134,135,8.4587675499435,-72.1066190400272,-35.9056714498627,9861,11,-69,-35,0.39373265703519184
1083,4709,68,1083,CB,Ve-VIIIA,VIIIA,64943,86,151,118,5.78505939349085,-60.067658805876505,-53.187246332820216,9861,10,-56,-56,0.48120919918572463
1075,4710,68,1075,CB,Ve-VIIIB,VIIIB,64942,87,145,127,5.372693385597639,-66.5115232505978,-47.5741341903802,9861,10,-65,-48,0.20289250942213194
1100,4718,71,1100,CB,PV-III,"III, left, paravermis",65130,95,122,114,-2.73796695446248,-45.7561453883253,-27.374626091101103,9861,-2,-46,-25,0.37571921282344395
1092,4719,71,1092,CB,PV-IV,"IV, left, paravermis",65131,95,115,118,-2.4929389224914,-46.5610904236961,-19.1115831580926,9861,-1,-47,-16,0.1986575871706009
1084,4720,71,1084,CB,PV-V,"V, left, paravermis",65129,95,110,122,-2.5007236559645696,-48.6270369407201,-14.0786508034388,9861,-1,-49,-10,0.22535032512886183
1116,4727,71,1116,CB,PV-VIIIB,"VIIIB, left, paravermis",65133,96,150,122,-3.81740681222136,-63.2756550432918,-52.3480059759844,9861,-2,-61,-55,0.4620477457841237
1108,4728,71,1108,CB,PV-IX,"IX, left, paravermis",65132,96,134,115,-4.46792518660423,-49.99162518664191,-38.72557992006271,9861,-2,-49,-37,0.4097750250137214
1076,4722,71,1076,CB,PV-VI,"VI, left, paravermis",65134,95,114,131,-2.8456669274294706,-62.7591261538105,-16.010498960157403,9861,-1,-61,-14,0.31941761939149155
1060,4724,71,1060,CB,PV-Crus II,"Crus II, left, paravermis",65136,96,140,137,-6.0391615438141,-75.8324819352698,-41.547441751545,9861,-3,-75,-41,0.5301432816518677
1147,4725,71,1147,CB,PV-VIIB,"VIIB, left, paravermis",65137,96,140,133,-5.14340034180929,-70.8401329576322,-42.2412246189436,9861,-2,-70,-41,0.1896821925682681
1139,4726,71,1139,CB,PV-VIIIA,"VIIIA, left, paravermis",65164,96,140,130,-4.66992693862253,-67.8928163571369,-42.5814082184275,9861,-2,-68,-42,0.1419406646379718
1097,4772,61,1097,CB,He-Crus I,"Crus I, right, lateral hemisphere",51347,58,133,147,39.6572170633209,-82.7833452160274,-33.2087517497875,9861,42,-79,-30,0.3186255519588788
1089,4773,61,1089,CB,He-Crus II,"Crus II, right, lateral hemisphere",51349,58,143,137,39.7676441569675,-75.32358759025409,-44.904546702238,9861,44,-71,-44,0.41416489526077555
1081,4774,61,1081,CB,He-VIIB,"VIIB, right, lateral hemisphere",51350,58,149,128,37.183018713781294,-65.812607203646,-52.3736912320839,9861,44,-63,-53,0.6455702300994627
1105,4771,61,1105,CB,He-VI,"VI, right, lateral hemisphere",51346,58,125,122,36.5842043258244,-54.5447649923554,-28.562681716262,9861,42,-51,-26,0.7193872683188495
1137,4753,67,1137,CB,PV-V,"V, right, paravermis",56042,84,118,136,9.28553946671555,-69.2261331673172,-20.9242957908759,9861,13,-66,-17,0.4639621732963456
1121,4756,67,1121,CB,PV-Crus I,"Crus I, right, paravermis",56040,84,127,143,10.367089328994,-79.0706208045473,-27.7331186483459,9861,14,-75,-26,0.5235352611541748
1113,4757,67,1113,CB,PV-Crus II,"Crus II, right, paravermis",56039,84,133,147,9.99815518138873,-84.41398351410841,-33.5083970198549,9861,13,-81,-31,0.5213005347177386
1090,4751,67,1090,CB,PV-III,"III, right, paravermis",51241,84,119,113,9.51205179979731,-43.3454388456882,-24.9546904727955,9861,13,-42,-23,0.17469898572093562
1082,4752,67,1082,CB,PV-IV,"IV, right, paravermis",51239,84,108,122,9.28556732174082,-47.5974822434795,-12.6748361920915,9861,12,-48,-9,0.3101252807038171
1074,4758,67,1074,CB,PV-VIIB,"VIIB, right, paravermis",56063,84,140,135,9.4313639096884,-73.7587139675293,-41.9257518068985,9861,13,-71,-41,0.5973007145027319
1058,4760,67,1058,CB,PV-VIIIB,"VIIIB, right, paravermis",56061,84,154,117,8.00376050660867,-59.8243639102344,-56.5965351151649,9861,13,-55,-60,0.22785373287541524
1145,4761,67,1145,CB,PV-IX,"IX, right, paravermis",56059,83,142,110,9.64097471035419,-47.1763814202938,-45.399824851120215,9861,14,-44,-46,0.461029510135236
8941,4703,69,8941,CB,Ve-V,V,1110727,92,99,138,1.88969985329244,-66.0906462815622,-8.03535547140244,10021,5,-65,-6,0.46068871872765677
8425,4727,71,8425,CB,PV-VIIIB,"VIIIB, left, paravermis",1110760,104,141,121,-9.56746160853938,-50.9083561848514,-58.4929910517488,10021,-7,-46,-56,0.519938198002902
8363,4738,74,8363,CB,He-VI,"VI, left, lateral hemisphere",1110880,124,111,128,-34.8808926872261,-56.6244064519757,-24.395296994380804,10021,-31,-54,-21,0.4463326632976532
8395,4739,75,8395,CB,He-Crus I,"Crus I, left, lateral hemisphere",1110907,134,113,146,-43.170670323737895,-75.1979016360662,-26.1891852576653,10021,-42,-73,-23,0.8346004486083984
8403,4740,75,8403,CB,He-Crus II,"Crus II, left, lateral hemisphere",1110909,131,128,150,-40.20945757782911,-80.1549756848881,-42.7222481880981,10021,-39,-78,-41,0.5121307840401476
8381,4773,63,8381,CB,He-Crus II,"Crus II, right, lateral hemisphere",1110921,59,135,123,39.07866373281279,-49.4548297585269,-50.6927908873775,10021,44,-49,-50,0.7197118353843689
8389,4773,63,8389,CB,He-Crus II,"Crus II, right, lateral hemisphere",1110922,59,131,128,40.4906313441529,-56.3300145180353,-47.3531667472975,10021,44,-55,-44,0.43467347962515696
8445,4774,64,8445,CB,He-VIIB,"VIIB, right, lateral hemisphere",1110846,65,138,131,34.2575765706636,-59.3473906661742,-55.261389055811,10021,37,-57,-53,0.6574041489511728
8358,4775,64,8358,CB,He-VIIIA,"VIIIA, right, lateral hemisphere",1110849,65,141,140,34.5482723947413,-70.0096873342086,-58.767149328828296,10021,37,-67,-56,0.6639484257409067
8366,4775,64,8366,CB,He-VIIIA,"VIIIA, right, lateral hemisphere",1110848,65,144,130,33.0363381958787,-59.5365225131042,-60.53917654341721,10021,37,-56,-60,0.5858837723731994
8437,4771,64,8437,CB,He-VI,"VI, right, lateral hemisphere",1110861,65,112,122,36.1695381157365,-49.8666311671514,-25.401894700883,10021,37,-49,-21,0.5112495124340057
8397,4772,64,8397,CB,He-Crus I,"Crus I, right, lateral hemisphere",1110834,65,123,153,32.0679293632096,-82.8277239159813,-36.6694678236068,10021,36,-82,-33,0.056680029430599126
8405,4773,64,8405,CB,He-Crus II,"Crus II, right, lateral hemisphere",1110836,65,128,146,32.7530434516493,-75.78733198207841,-43.2634006837103,10021,37,-74,-40,0.3293674556681743
8413,4772,64,8413,CB,He-Crus I,"Crus I, right, lateral hemisphere",1110835,66,114,145,30.5151957478303,-71.9413113306565,-25.773847788168503,10021,35,-73,-24,0.8205853849649429
8421,4773,64,8421,CB,He-Crus II,"Crus II, right, lateral hemisphere",1110837,65,132,151,32.363863364133394,-81.68655316437321,-47.2998634315473,10021,37,-80,-45,0.4025417153651898
8391,4752,67,8391,CB,PV-IV,"IV, right, paravermis",1110008,82,110,111,14.959799993079,-36.24248723175221,-24.2955077854884,10021,18,-37,-19,0.32838052821656066
8399,4753,67,8399,CB,PV-V,"V, right, paravermis",1110011,82,105,126,16.9384003404118,-50.816322602673104,-16.3109367434885,10021,18,-53,-13,0.24680023321083613
8407,4752,67,8407,CB,PV-IV,"IV, right, paravermis",1110045,82,115,112,14.7609263896022,-37.6964896111043,-30.1988849187474,10021,18,-38,-25,0.21168005060065875
8415,4753,67,8415,CB,PV-V,"V, right, paravermis",1110046,82,107,115,14.9267382730544,-39.6982459465304,-20.3472329592078,10021,17,-41,-16,0.3518441283986682
8438,4759,67,8438,CB,PV-VIIIA,"VIIIA, right, paravermis",1110031,83,136,147,13.6249487062801,-75.1634692181883,-53.1488581600392,10021,17,-75,-50,0.8087476028336419
8359,4761,67,8359,CB,PV-IX,"IX, right, paravermis",1110029,83,133,129,14.3429391339372,-56.549208226182,-49.85385390516461,10021,16,-54,-47,0.594686838487784
8367,4759,67,8367,CB,PV-VIIIA,"VIIIA, right, paravermis",1110034,83,139,139,13.7033033911013,-67.7590218909898,-55.172851802354096,10021,17,-66,-54,0.3050136667277132
8375,4760,67,8375,CB,PV-VIIIB,"VIIIB, right, paravermis",1110033,83,132,133,14.4176855710372,-61.1079905733145,-48.49181575946101,10021,16,-59,-46,0.37513028413057325
8383,4761,67,8383,CB,PV-IX,"IX, right, paravermis",1110032,82,133,129,15.5049033453596,-56.6339945371165,-49.741609838297,10021,17,-54,-47,0.588049154728651
8374,4755,67,8374,CB,PV-VI,"VI, right, paravermis",1110055,82,111,138,16.2864636288566,-66.6817381973068,-23.6158584092069,10021,18,-65,-21,0.31631551765733296
8382,4756,67,8382,CB,PV-Crus I,"Crus I, right, paravermis",1110052,82,117,159,13.851642781926,-88.10093505277041,-28.2894079454934,10021,18,-88,-26,0.3820085736612479
8390,4757,67,8390,CB,PV-Crus II,"Crus II, right, paravermis",1110051,83,129,156,12.2834879489133,-85.7346642341228,-43.79378184319951,10021,16,-85,-41,0.08563736743397182
8398,4758,67,8398,CB,PV-VIIB,"VIIB, right, paravermis",1110050,83,130,154,12.3046307956714,-83.81308521441571,-45.4293832047161,10021,16,-83,-42,0.07884240882205111
8406,4755,67,8406,CB,PV-VI,"VI, right, paravermis",1110056,82,111,149,16.138970634360398,-79.03822053780841,-24.1087547890724,10021,18,-76,-21,0.6159051424927182
8414,4756,67,8414,CB,PV-Crus I,"Crus I, right, paravermis",1110054,82,114,152,15.427073971517697,-81.5900164107089,-26.8901648516577,10021,18,-79,-25,0.39558333062356515
8422,4757,67,8422,CB,PV-Crus II,"Crus II, right, paravermis",1110053,82,123,148,14.5581678574291,-78.18424021459809,-37.7437644628217,10021,17,-75,-35,0.5243382851282755
8430,4758,67,8430,CB,PV-VIIB,"VIIB, right, paravermis",1110049,83,132,152,12.6082617138588,-81.3551569633999,-48.3513493857424,10021,16,-80,-45,0.319533616969628
8440,4701,69,8440,CB,Ve-III,III,1110745,92,102,118,2.52853063484525,-42.5804876566328,-15.0766712744924,10021,5,-44,-10,0.2474026396161034
8448,4711,69,8448,CB,Ve-IX,IX,1110747,93,133,132,2.01751638411129,-59.8486427811585,-50.771182960652,10021,5,-57,-47,0.08877108109715794
8369,4701,69,8369,CB,Ve-III,III,1110746,92,108,116,2.6187394794750603,-40.9125366878094,-21.1982525123775,10021,6,-42,-17,0.1779648791188779
8377,4711,69,8377,CB,Ve-IX,IX,1110749,93,119,127,1.66951530615706,-53.5059666472807,-34.7789453407195,10021,5,-55,-31,0.5091979771852493
8385,4713,69,8385,CB,Ve-X,X,1110750,93,132,129,2.00594991027968,-56.2330521147196,-49.7124947599201,10021,5,-55,-46,0.0685592703220825
8392,4702,69,8392,CB,Ve-IV,IV,1110731,92,92,129,2.21267375559742,-54.04070484870999,0.659750419710857,10021,5,-55,3,0.5173816680908203
8400,4703,69,8400,CB,Ve-V,V,1110728,92,102,136,2.34591721316772,-63.2299301176877,-13.041608871971,10021,6,-63,-10,0.3804317685690793
8408,4705,69,8408,CB,Ve-VI,VI,1110729,92,103,145,1.7888522791211598,-72.7021060278594,-14.78290163101,10021,5,-73,-11,0.6181189682748582
8416,4702,69,8416,CB,Ve-IV,IV,1110732,92,103,126,2.53990271288555,-50.73641997169821,-14.2673334539748,10021,6,-52,-10,0.244896495028546
8424,4703,69,8424,CB,Ve-V,V,1110727,91,99,138,3.4545075648366703,-66.1033593718129,-8.156968206328651,10021,7,-65,-6,0.4472551643848419
8432,4705,69,8432,CB,Ve-VI,VI,1110730,92,107,136,2.8136400137939,-63.7178832126239,-19.8709254525073,10021,6,-63,-17,0.3814057720558984
8423,4707,69,8423,CB,Ve-VIIAt,VIIAt,1110735,92,118,153,3.09483369699594,-83.02722173457029,-34.011240272118,10021,6,-81,-28,0.6546258221973072
8431,4708,69,8431,CB,Ve-VIIB,VIIB,1110737,93,117,143,1.94598896509142,-72.68754535866191,-32.7763233222751,10021,5,-71,-29,0.49024614070852596
8439,4709,69,8439,CB,Ve-VIIIA,VIIIA,1110738,93,128,138,2.52567678330904,-68.32840728909319,-44.8882779333852,10021,5,-65,-43,0.17967568611105283
8447,4710,69,8447,CB,Ve-VIIIB,VIIIB,1110739,93,119,134,1.5387249511269598,-62.0556069014864,-35.0093032067075,10021,5,-62,-32,0.3937745967081615
8360,4707,69,8360,CB,Ve-VIIAt,VIIAt,1110736,93,109,150,2.25405472324544,-78.9323388495814,-22.96564466435349,10021,4,-78,-18,0.7377433606556484
8368,4708,69,8368,CB,Ve-VIIB,VIIB,1110740,93,113,145,2.08876581604562,-74.1422925440148,-27.6628666349286,10021,4,-72,-24,0.5767526408800712
8376,4709,69,8376,CB,Ve-VIIIA,VIIIA,1110741,93,122,141,1.9831750731955904,-71.09999837026979,-38.0368514734252,10021,5,-68,-35,0.2059207053648101
8384,4710,69,8384,CB,Ve-VIIIB,VIIIB,1110742,93,127,135,2.15594397297111,-64.6955658466016,-44.13960793281421,10021,4,-62,-42,0.2640603044629097
8410,4720,71,8410,CB,PV-V,"V, left, paravermis",1110775,104,107,125,-14.70333946998,-51.1569693830103,-18.57765993978889,10021,-9,-51,-15,0.15096158631469891
8418,4720,71,8418,CB,PV-V,"V, left, paravermis",1110776,104,101,134,-13.0469406648195,-61.7243069528113,-12.3874941129314,10021,-9,-61,-9,0.38263502246455144
8378,4722,71,8378,CB,PV-VI,"VI, left, paravermis",1110769,104,107,149,-11.326249318483,-78.17928307274221,-19.5122563094545,10021,-9,-77,-16,0.7055338356229994
8386,4723,71,8386,CB,PV-Crus I,"Crus I, left, paravermis",1110771,104,117,157,-10.1758623918057,-85.82946759453091,-30.1533841870081,10021,-10,-84,-27,0.6175059356859752
8394,4722,71,8394,CB,PV-VI,"VI, left, paravermis",1110770,104,107,142,-11.5493326643161,-70.030374679598,-20.3150271006649,10021,-8,-69,-17,0.5879196270423777
8433,4728,71,8433,CB,PV-IX,"IX, left, paravermis",1110763,104,134,127,-11.4531362059236,-54.930331004104296,-51.878066112525,10021,-8,-52,-48,0.3627940079099254
8441,4730,71,8441,CB,PV-X,"X, left, paravermis",1110765,104,128,121,-10.833333583419304,-48.09070213874471,-44.30960031427421,10021,-7,-47,-41,0.21969907096138708
8449,4727,71,8449,CB,PV-VIIIB,"VIIIB, left, paravermis",1110759,104,138,129,-10.728856888705302,-57.026141487378304,-56.1301275411971,10021,-8,-54,-54,0.637111668586731
8362,4728,71,8362,CB,PV-IX,"IX, left, paravermis",1110764,104,132,127,-11.6643876732094,-54.752409869476,-49.535608605121496,10021,-8,-53,-46,0.22889792770147324
8370,4730,71,8370,CB,PV-X,"X, left, paravermis",1110766,105,121,115,-10.6768921202,-41.4527888822367,-36.495331289674,10021,-10,-41,-33,0.36774885654449463
8393,4725,71,8393,CB,PV-VIIB,"VIIB, left, paravermis",1110753,104,133,152,-10.2954066615255,-80.572548803576,-50.5193067274249,10021,-8,-80,-46,0.5741443387840105
8401,4726,71,8401,CB,PV-VIIIA,"VIIIA, left, paravermis",1110755,104,136,146,-10.9490457203539,-74.83549277527709,-53.7356833548246,10021,-8,-73,-50,0.5290342484201703
8409,4725,71,8409,CB,PV-VIIB,"VIIB, left, paravermis",1110754,104,126,146,-11.5177314358357,-75.6457038452617,-41.94486026829461,10021,-9,-73,-39,0.6369468591831349
8417,4726,71,8417,CB,PV-VIIIA,"VIIIA, left, paravermis",1110756,104,135,140,-10.2283552543283,-69.4025659580674,-52.7130885857972,10021,-7,-67,-50,0.28480438590049745
8371,4738,74,8371,CB,He-VI,"VI, left, lateral hemisphere",1110881,124,110,134,-33.6928882116282,-61.3308134671571,-21.3383215788601,10021,-31,-60,-20,0.5760460022617789
8379,4741,74,8379,CB,He-VIIB,"VIIB, left, lateral hemisphere",1110897,123,137,124,-33.2790019291181,-51.52672805119021,-52.2981796510727,10021,-29,-49,-52,0.3512934280766381
8387,4741,74,8387,CB,He-VIIB,"VIIB, left, lateral hemisphere",1110898,123,140,126,-32.4710541378642,-54.0630672893745,-54.8042278333177,10021,-28,-51,-56,0.3013210871389934
8426,4739,74,8426,CB,He-Crus I,"Crus I, left, lateral hemisphere",1110868,124,114,146,-34.274637327055004,-74.4805922397935,-27.474981071700807,10021,-31,-73,-25,0.7849051859229803
8434,4740,74,8434,CB,He-Crus II,"Crus II, left, lateral hemisphere",1110870,123,141,138,-30.744403611844696,-67.2355579092833,-60.0098356699172,10021,-28,-64,-56,0.5771250128746033
8442,4739,74,8442,CB,He-Crus I,"Crus I, left, lateral hemisphere",1110869,123,126,149,-30.6568588665103,-78.0955030193223,-41.0524198095749,10021,-29,-76,-39,0.28749593740536106
8450,4740,74,8450,CB,He-Crus II,"Crus II, left, lateral hemisphere",1110872,123,132,129,-33.5341325613785,-56.8922124067194,-48.21582521639201,10021,-29,-54,-47,0.4812924000951979
8411,4739,75,8411,CB,He-Crus I,"Crus I, left, lateral hemisphere",1110911,134,125,115,-45.3526120432174,-43.5051385462123,-38.2642948488904,10021,-42,-41,-37,0.8153112219727557
8419,4740,75,8419,CB,He-Crus II,"Crus II, left, lateral hemisphere",1110910,133,133,117,-42.41206266165079,-45.49072151817221,-46.1806687870758,10021,-40,-42,-48,0.7566993644363001
14139,4720,62,14139,CB,PV-V,"V, left, paravermis",1313847,97,114,153,-5.19155242697163,-65.3719068525308,-7.969398460090819,12876,-2,-62,-6,0.48518607249626744
14099,4724,62,14099,CB,PV-Crus II,"Crus II, left, paravermis",1313885,98,145,173,-8.57555933830579,-81.1631951684423,-33.1649160832553,12876,-4,-79,-35,0.7213272312108208
14091,4723,62,14091,CB,PV-Crus I,"Crus I, left, paravermis",1313884,98,136,172,-8.14775673657696,-81.63390836252391,-27.04662284095789,12876,-4,-78,-27,0.7738447914952817
14116,4728,62,14116,CB,PV-IX,"IX, left, paravermis",1313808,99,152,139,-8.45753124033299,-49.0003782652199,-40.912652327168495,12876,-5,-48,-42,0.17574354003255183
14100,4726,62,14100,CB,PV-VIIIA,"VIIIA, left, paravermis",1313810,99,161,161,-7.668346385158241,-69.47274690624471,-49.558961661629,12876,-7,-68,-49,0.2805048843676394
14138,4741,61,14138,CB,He-VIIB,"VIIB, left, lateral hemisphere",1313960,111,165,166,-19.325028219389104,-74.7151555618327,-53.6477640820442,12876,-17,-72,-52,0.752640922154699
14122,4742,61,14122,CB,He-VIIIA,"VIIIA, left, lateral hemisphere",1312366,111,166,162,-19.3834897138052,-70.83580612228391,-54.6199124391614,12876,-17,-68,-54,0.5044776733432498
14153,4738,61,14153,CB,He-VI,"VI, left, lateral hemisphere",1313915,110,132,167,-17.696198872974602,-76.24907338152221,-24.2924230245368,12876,-15,-75,-21,0.7596085571473644
14137,4738,61,14137,CB,He-VI,"VI, left, lateral hemisphere",1312369,110,131,166,-17.7752425119312,-75.5894625865195,-23.509901299138495,12876,-15,-74,-21,0.7401446998119354
14147,4722,62,14147,CB,PV-VI,"VI, left, paravermis",1313849,97,120,159,-5.74913067906348,-71.32428476661079,-15.1648989200757,12876,-2,-66,-13,0.4125076595105623
14131,4722,62,14131,CB,PV-VI,"VI, left, paravermis",1313848,97,122,160,-5.868821937050001,-71.76211794812559,-17.0647816280636,12876,-2,-68,-15,0.4770953506231308
14123,4720,62,14123,CB,PV-V,"V, left, paravermis",1313846,97,112,152,-5.06334591526681,-63.9625093006977,-6.237409650296942,12876,-3,-61,-4,0.5131367283562819
14115,4724,62,14115,CB,PV-Crus II,"Crus II, left, paravermis",1313887,98,147,177,-7.99338629314083,-84.7347654897117,-35.0915998658566,12876,-3,-82,-37,0.6413365602493286
14107,4723,62,14107,CB,PV-Crus I,"Crus I, left, paravermis",1313886,98,140,168,-7.16402982535627,-77.8261845897899,-30.0441652638691,12876,-3,-75,-31,0.5716228216886521
14108,4727,62,14108,CB,PV-VIIIB,"VIIIB, left, paravermis",1313809,99,171,146,-7.82225775187418,-54.8408155329737,-59.5807548039935,12876,-5,-53,-58,0.6283353557509761
14092,4725,62,14092,CB,PV-VIIB,"VIIB, left, paravermis",1313811,99,154,162,-7.935357980314209,-70.6851188185713,-41.8365151322766,12876,-6,-70,-44,0.3354357566971045
14084,4728,62,14084,CB,PV-IX,"IX, left, paravermis",1312358,99,153,139,-8.35211323818978,-48.90316819165941,-41.891112997436295,12876,-6,-48,-43,0.20386483051158763
14076,4727,62,14076,CB,PV-VIIIB,"VIIIB, left, paravermis",1312359,99,169,148,-7.77102924431901,-56.7829583085606,-57.6273705668956,12876,-5,-55,-56,0.5938904542062018
14068,4726,62,14068,CB,PV-VIIIA,"VIIIA, left, paravermis",1312360,99,162,160,-7.53698406681175,-68.4275881093736,-50.7980986727728,12876,-7,-67,-50,0.28480438590049745
14155,4725,62,14155,CB,PV-VIIB,"VIIB, left, paravermis",1312361,99,157,161,-8.020595425660549,-69.5040274985215,-44.24631118924,12876,-6,-69,-46,0.30681735147600586
14083,4719,62,14083,CB,PV-IV,"IV, left, paravermis",1313833,97,106,139,-4.7380380456228295,-49.5839946015598,-0.119132435469012,12876,-2,-48,1,0.3598997965455055
14146,4742,61,14146,CB,He-VIIIA,"VIIIA, left, lateral hemisphere",1313961,111,168,159,-19.4456673015732,-67.9242373294452,-56.571782089115295,12876,-17,-65,-55,0.3574925595894456
14130,4740,61,14130,CB,He-Crus II,"Crus II, left, lateral hemisphere",1313959,111,153,178,-19.4817733296822,-86.0871843713596,-40.7204505732524,12876,-16,-83,-42,0.18840772924678667
14114,4741,61,14114,CB,He-VIIB,"VIIB, left, lateral hemisphere",1312364,111,165,164,-19.3469263798148,-72.77630352732909,-53.6447349077564,12876,-17,-70,-53,0.6262781363394525
14106,4740,61,14106,CB,He-Crus II,"Crus II, left, lateral hemisphere",1312363,111,155,177,-19.393606340575303,-85.2041738412335,-42.8555900789909,12876,-16,-82,-44,0.22306291869393102
14129,4736,61,14129,CB,He-V,"V, left, lateral hemisphere",1313946,109,123,139,-18.442390182902106,-51.772835265055896,-12.2854118656436,12876,-14,-49,-15,0.16549017716731343
14121,4735,61,14121,CB,He-IV,"IV, left, lateral hemisphere",1313945,109,124,127,-21.2839713651446,-38.9379652650119,-12.8124106218286,12876,-14,-38,-15,0.2710757152392314
14105,4736,61,14105,CB,He-V,"V, left, lateral hemisphere",1313944,109,122,137,-18.743882001519,-50.426963392635706,-10.8665075016681,12876,-14,-46,-14,0.2592144540765069
14097,4735,61,14097,CB,He-IV,"IV, left, lateral hemisphere",1313943,109,124,126,-21.288555786617103,-37.6170106585019,-13.006150942801002,12876,-14,-37,-15,0.27814175827162607
14066,4739,61,14066,CB,He-Crus I,"Crus I, left, lateral hemisphere",1313916,110,134,172,-17.650303244976698,-79.8590157181648,-25.3131151925807,12876,-15,-79,-23,0.7115024048835039
14145,4739,61,14145,CB,He-Crus I,"Crus I, left, lateral hemisphere",1312368,111,135,174,-18.91026610449289,-82.09766355737821,-25.3994135563643,12876,-16,-81,-24,0.6385872129883085
14098,4744,61,14098,CB,He-IX,"IX, left, lateral hemisphere",1313983,111,152,137,-19.8188465932915,-46.92884678777661,-40.5029961086458,12876,-18,-45,-41,0.5671337842941284
14090,4743,61,14090,CB,He-VIIIB,"VIIIB, left, lateral hemisphere",1313981,111,159,124,-19.7462116018414,-34.016622403594106,-47.70732017978112,12876,-18,-31,-46,0.6166694504874093
14074,4743,61,14074,CB,He-VIIIB,"VIIIB, left, lateral hemisphere",1312437,111,157,124,-19.8218764076462,-34.0358182963829,-45.7368151418549,12876,-18,-31,-44,0.6175908616610936
126435762,4735,62,126435762,CB,He-IV,"IV, left, lateral hemisphere",113255856,107,127,124,-16.2887392340876,-34.1988564095319,-19.9446857419963,14380,-13,-32,-17,0.2654997060696284
126435776,4738,61,126435776,CB,He-VI,"VI, left, lateral hemisphere",113222846,121,129,148,-29.413881010338105,-61.5893095261032,-23.2171768109993,14380,-26,-55,-20,0.3198265999555588
126435794,4735,62,126435794,CB,He-IV,"IV, left, lateral hemisphere",113255857,107,126,125,-16.2515157918177,-35.3445227124486,-18.968073655655697,14380,-13,-33,-16,0.2661549225449562
126435716,4738,62,126435716,CB,He-VI,"VI, left, lateral hemisphere",113258156,107,136,170,-15.7494164436035,-79.3648247667842,-27.3335731710464,14380,-13,-76,-23,0.7809625052743487
126435766,4720,63,126435766,CB,PV-V,"V, left, paravermis",113525753,96,112,155,-4.11856652635852,-64.5651228308823,-4.60915628688482,14380,-2,-61,-1,0.5719156975929554
126435842,4739,62,126435842,CB,He-Crus I,"Crus I, left, lateral hemisphere",113258197,107,139,178,-16.1214043154792,-86.44089894816808,-28.151620987091604,14380,-12,-85,-25,0.5987729184767779
126435750,4719,63,126435750,CB,PV-IV,"IV, left, paravermis",113525653,96,110,140,-4.17746461829408,-48.552061842346,-4.59211184977313,14380,-2,-46,0,0.3116455078125
126435734,4718,63,126435734,CB,PV-III,"III, left, paravermis",113525665,96,124,134,-4.7795618219311296,-43.43359684955879,-17.0105104746606,14380,-2,-42,-15,0.1604850748553872
126435718,4719,63,126435718,CB,PV-IV,"IV, left, paravermis",113525652,96,112,140,-4.21786607967298,-48.5569985541554,-6.28678947563891,14380,-2,-46,-2,0.306711060660226
126435892,4718,63,126435892,CB,PV-III,"III, left, paravermis",113525664,96,126,133,-4.835185870656581,-42.6100873872931,-18.7285654781695,14380,-1,-41,-16,0.171809184551239
126435782,4720,63,126435782,CB,PV-V,"V, left, paravermis",113525754,96,112,156,-4.05849788567435,-65.5444174225229,-4.6454889380472,14380,-2,-62,-1,0.5917892083525658
126435720,4725,63,126435720,CB,PV-VIIB,"VIIB, left, paravermis",113901824,96,160,167,-4.34985708416765,-75.91157926197559,-51.1650913562076,14380,-3,-74,-47,0.5263027474284172
126435894,4724,63,126435894,CB,PV-Crus II,"Crus II, left, paravermis",113522737,96,150,178,-5.26229096979774,-87.95873338896591,-38.33756569731271,14380,-2,-84,-37,0.5869721795121828
126435878,4723,63,126435878,CB,PV-Crus I,"Crus I, left, paravermis",113522738,96,140,176,-5.994972946456048,-86.41114497369698,-27.358403168768,14380,-2,-82,-28,0.763557527746473
126435862,4722,63,126435862,CB,PV-VI,"VI, left, paravermis",113523224,96,135,174,-4.94862641970934,-84.61648281494809,-22.6940600841312,14380,-2,-80,-23,0.7826387683550516
126435846,4725,63,126435846,CB,PV-VIIB,"VIIB, left, paravermis",113901823,96,160,168,-4.33484832208215,-76.89205229378841,-51.11743490781771,14380,-2,-75,-47,0.5861867904663086
126435830,4724,63,126435830,CB,PV-Crus II,"Crus II, left, paravermis",113522736,96,148,178,-5.65675253672363,-88.05431987970171,-35.7342126397681,14380,-2,-84,-35,0.6357629810060773
126435814,4723,63,126435814,CB,PV-Crus I,"Crus I, left, paravermis",113522741,96,138,176,-5.74332754352166,-86.30173627730791,-25.521410407365305,14380,-2,-82,-26,0.7609275132417679
126435798,4722,63,126435798,CB,PV-VI,"VI, left, paravermis",113523223,96,133,173,-4.51446522757701,-83.6023470304722,-20.95838012037889,14380,-1,-80,-21,0.7734787729051378
126435810,4736,62,126435810,CB,He-V,"V, left, lateral hemisphere",113257911,107,122,137,-15.5256526536049,-47.9241715099757,-15.4302309778609,14380,-13,-45,-12,0.3161082983016968
126435778,4736,62,126435778,CB,He-V,"V, left, lateral hemisphere",113257910,107,123,135,-15.8537089544667,-45.8988194781217,-16.1638264514779,14380,-13,-43,-13,0.3066236426432927
126435780,4742,62,126435780,CB,He-VIIIA,"VIIIA, left, lateral hemisphere",113258470,107,168,156,-15.192394928965196,-64.9293484556742,-58.6879818878317,14380,-13,-64,-57,0.26176631010391493
126435764,4741,62,126435764,CB,He-VIIB,"VIIB, left, lateral hemisphere",113258306,107,166,163,-15.1533974263305,-71.8550151774496,-56.7775238597395,14380,-13,-71,-54,0.5190439522266388
126435748,4740,62,126435748,CB,He-Crus II,"Crus II, left, lateral hemisphere",113258229,107,151,182,-15.876711968763098,-90.98168129543129,-40.4654030052251,14380,-12,-88,-38,0.22443339163842407
126435732,4739,62,126435732,CB,He-Crus I,"Crus I, left, lateral hemisphere",113258198,107,140,179,-16.2336868242453,-87.91315580448959,-28.896704461602106,14380,-12,-85,-27,0.5704792804188199
126435890,4742,62,126435890,CB,He-VIIIA,"VIIIA, left, lateral hemisphere",113258469,107,168,155,-15.1958744282491,-63.9415055538013,-58.677823796485605,14380,-13,-64,-57,0.26176631010391493
126435874,4741,62,126435874,CB,He-VIIB,"VIIB, left, lateral hemisphere",113258305,107,166,162,-15.1568769256144,-70.8671722755767,-56.76736576839341,14380,-13,-70,-54,0.4624669337272644
126435858,4740,62,126435858,CB,He-Crus II,"Crus II, left, lateral hemisphere",113258228,107,150,181,-15.9870411221525,-90.099820648807,-39.3423599621961,14380,-12,-88,-37,0.23934112374599165
126435876,4746,62,126435876,CB,He-X,"X, left, lateral hemisphere",113255684,107,151,126,-15.6025704673193,-35.6780097086346,-42.2605213792884,14380,-13,-34,-42,0.596429854631424
126435860,4744,62,126435860,CB,He-IX,"IX, left, lateral hemisphere",113255650,107,153,142,-16.081794485791,-51.63369116967539,-44.932414478985,14380,-14,-50,-44,0.48649255037307737
126435812,4744,62,126435812,CB,He-IX,"IX, left, lateral hemisphere",113255651,107,151,142,-16.30443616611,-51.851088119101,-43.1185789495449,14380,-14,-50,-42,0.3759852573275566
126435796,4743,62,126435796,CB,He-VIIIB,"VIIIB, left, lateral hemisphere",113255674,107,168,145,-15.2306694210883,-54.06307653507221,-58.576242883025,14380,-13,-54,-59,0.3077007147173087
126435808,4738,61,126435808,CB,He-VI,"VI, left, lateral hemisphere",113222836,121,128,149,-29.1009138993168,-62.44010830137049,-22.2538826460616,14380,-26,-56,-19,0.3502315036952496
126435792,4736,61,126435792,CB,He-V,"V, left, lateral hemisphere",113222882,121,140,120,-29.9727252122432,-30.5494202556672,-30.920051390244,14380,-27,-29,-29,0.3877541869878769
126435760,4736,61,126435760,CB,He-V,"V, left, lateral hemisphere",113222857,121,143,119,-29.936149611134,-29.561929181096698,-34.0561321740489,14380,-28,-28,-33,0.4129559099674225
126435746,4742,61,126435746,CB,He-VIIIA,"VIIIA, left, lateral hemisphere",113222757,121,168,156,-29.080889412403003,-65.4482263159037,-58.6584647131364,14380,-26,-64,-57,0.519521672810827
126435730,4741,61,126435730,CB,He-VIIB,"VIIB, left, lateral hemisphere",113222725,121,166,161,-29.0488509083361,-70.3982072339334,-56.7276905023521,14380,-26,-69,-54,0.8134697803429195
126435714,4740,61,126435714,CB,He-Crus II,"Crus II, left, lateral hemisphere",113222703,121,152,176,-29.182414404477,-85.3510969690763,-43.0629696127401,14380,-27,-83,-40,0.2203690161307653
126439269,4739,61,126439269,CB,He-Crus I,"Crus I, left, lateral hemisphere",113222762,121,147,177,-29.2036778771389,-86.5400803589024,-38.4090187296353,14380,-26,-83,-34,0.07168924394581053
126435888,4739,61,126435888,CB,He-Crus I,"Crus I, left, lateral hemisphere",113222762,120,147,177,-28.2360528677779,-86.52075479804961,-38.3824599483787,14380,-25,-83,-35,0.08149905839274006
126435872,4742,61,126435872,CB,He-VIIIA,"VIIIA, left, lateral hemisphere",113222756,121,168,155,-29.08436891168689,-64.4603834140308,-58.6483066217904,14380,-26,-63,-57,0.49292973925669986
126435856,4741,61,126435856,CB,He-VIIB,"VIIB, left, lateral hemisphere",113222724,121,167,160,-29.0596509114437,-69.4049811277279,-57.708314744763406,14380,-26,-68,-55,0.729132320199694
126435840,4740,61,126435840,CB,He-Crus II,"Crus II, left, lateral hemisphere",113222702,121,154,175,-29.1298780992561,-84.3941376485231,-45.105127612132,14380,-26,-82,-41,0.2507999345128025
126435824,4739,61,126435824,CB,He-Crus I,"Crus I, left, lateral hemisphere",113222761,121,147,176,-29.1944651598724,-85.6032791205851,-38.5214720930371,14380,-26,-82,-34,0.06791353956968696
156434505,4746,61,156434505,CB,He-X,"X, left, lateral hemisphere",146148177,115,148,126,-22.784007762430896,-35.7028307330966,-38.0465123650472,15496,-21,-33,-35,0.49232243640082224
156434489,4743,61,156434489,CB,He-VIIIB,"VIIIB, left, lateral hemisphere",146148077,115,174,142,-23.124130340643703,-52.48529256960529,-59.139717710285,15496,-21,-49,-58,0.20058561501831845
156434473,4736,61,156434473,CB,He-V,"V, left, lateral hemisphere",146149504,115,126,136,-16.6957358665716,-45.2772375422606,-19.60230073820161,15496,-19,-43,-16,0.3421038187601987
156434457,4735,61,156434457,CB,He-IV,"IV, left, lateral hemisphere",146149594,115,139,125,-21.3247027793102,-34.163572774651,-29.114799030194305,15496,-20,-33,-26,0.24795598674703528
156434523,4741,61,156434523,CB,He-VIIB,"VIIB, left, lateral hemisphere",146146376,115,167,164,-24.3223795475471,-73.8106199653423,-54.9583904534291,15496,-21,-70,-53,0.7606564362843832
156434475,4738,61,156434475,CB,He-VI,"VI, left, lateral hemisphere",146146285,115,132,168,-19.9020467747256,-74.7167825759225,-19.8448831420939,15496,-20,-73,-22,0.7430303245782852
156434459,4742,61,156434459,CB,He-VIIIA,"VIIIA, left, lateral hemisphere",146146475,115,173,155,-23.9580256222532,-64.79073812824679,-59.6140020383493,15496,-21,-62,-57,0.3049351301872068
156434443,4741,61,156434443,CB,He-VIIB,"VIIB, left, lateral hemisphere",146146375,115,168,162,-24.4217102275565,-71.890730964838,-56.0145895395941,15496,-22,-68,-54,0.6611918222021174
156434411,4739,61,156434411,CB,He-Crus I,"Crus I, left, lateral hemisphere",146146016,115,140,179,-21.7414117624945,-89.9032367983099,-26.4798069613003,15496,-20,-85,-28,0.4056968790079866
156434585,4738,61,156434585,CB,He-VI,"VI, left, lateral hemisphere",146146284,115,131,166,-19.9680851898164,-73.1123209560233,-19.6118788381624,15496,-19,-71,-21,0.6450123200193048
149052712,4728,62,149052712,CB,PV-IX,"IX, left, paravermis",128130461,105,169,134,-13.9727936131592,-44.68377445824861,-55.80911290064011,15496,-12,-43,-54,0.40130727276915595
147712556,4727,62,147712556,CB,PV-VIIIB,"VIIIB, left, paravermis",128198489,105,165,153,-14.5484924940746,-62.2740490616755,-52.23531289442951,15496,-12,-60,-51,0.4349802109811987
149052744,4725,62,149052744,CB,PV-VIIB,"VIIB, left, paravermis",128198491,105,167,166,-14.51840262167,-74.5644156655038,-53.18845834859071,15496,-12,-72,-52,0.5601270961761474
147712652,4724,62,147712652,CB,PV-Crus II,"Crus II, left, paravermis",146080228,105,154,180,-13.2514715732665,-88.53381275678561,-40.0468496634663,15496,-11,-85,-41,0.23150076260489802
147712668,4723,62,147712668,CB,PV-Crus I,"Crus I, left, paravermis",146080286,105,142,176,-12.4397805421638,-85.56736395517791,-26.280910810500497,15496,-10,-82,-30,0.6842760421611644
147712700,4722,62,147712700,CB,PV-VI,"VI, left, paravermis",146080299,105,128,168,-11.165461266027,-75.9986877390972,-16.2489877723669,15496,-11,-73,-18,0.6353938894139396
147712592,4710,63,147712592,CB,Ve-VIIIB,VIIIB,146140622,94,150,157,-2.6905980061132904,-66.3350516935179,-38.61321681489071,15496,0,-64,-38,0.2843456256389618
147712718,4708,63,147712718,CB,Ve-VIIB,VIIB,146140660,94,140,161,-2.56775909141142,-68.96635146192911,-29.08341834757089,15496,0,-67,-29,0.3575155224937659
147712654,4700,63,147712654,CB,Ve-I-II,I-II,146140536,94,132,134,-2.3049217462397404,-42.87132374607079,-22.5333660971125,15496,1,-41,-20,0.31346528811587226
147712608,4713,63,147712608,CB,Ve-X,X,146140135,94,138,138,-2.7384570930637904,-47.7521483220017,-28.918553253838898,15496,0,-45,-26,0.40137183240481783
147712576,4710,63,147712576,CB,Ve-VIIIB,VIIIB,146140617,94,155,156,-3.5449257414027,-65.980269191979,-42.6446250618925,15496,0,-63,-43,0.26350639905366635
147712734,4709,63,147712734,CB,Ve-VIIIA,VIIIA,146806878,94,156,158,-3.71039529501602,-67.6916845348782,-43.80013939077471,15496,0,-65,-43,0.20661904787023863
147712638,4700,63,147712638,CB,Ve-I-II,I-II,146140535,94,131,133,-2.0503435996551103,-41.8244987777754,-21.8267547731652,15496,1,-40,-19,0.2666344878574212
147712688,4706,63,147712688,CB,Ve-VIIAf,VIIAf,146140966,94,129,173,-1.18859529967161,-79.7254189016393,-17.5646690956886,15496,1,-77,-19,0.6750215481628071
147712656,4705,63,147712656,CB,Ve-VI,VI,146140945,94,128,161,-2.32845845251025,-68.0219350296466,-19.578367832249,15496,0,-66,-19,0.2959843478772951
147712672,4706,63,147712672,CB,Ve-VIIAf,VIIAf,146140965,94,131,173,-1.29962232030254,-79.39947937786191,-18.8727554222178,15496,1,-78,-21,0.6908192276954651
147712590,4702,63,147712590,CB,Ve-IV,IV,146140784,94,113,141,-1.325255226423,-49.807127311558894,-7.3591310695445715,15496,1,-45,-3,0.3194038910525186
147712606,4703,63,147712606,CB,Ve-V,V,146140797,94,107,153,0.389898106420866,-59.00653806964561,-0.596894225817183,15496,1,-58,2,0.5904219508171081
147712574,4702,63,147712574,CB,Ve-IV,IV,146140783,94,115,140,-1.40288259616409,-48.9531958806147,-9.71337284634307,15496,1,-45,-6,0.2817515144124627
156434569,4746,61,156434569,CB,He-X,"X, left, lateral hemisphere",146148179,115,150,125,-22.7028401605898,-34.7196652656708,-39.6495812055047,15496,-21,-32,-37,0.6403489112854004
156434553,4743,61,156434553,CB,He-VIIIB,"VIIIB, left, lateral hemisphere",146148084,115,173,145,-23.428337753555105,-55.2098547488362,-58.5941844009848,15496,-21,-52,-57,0.15296733927200823
156434537,4736,61,156434537,CB,He-V,"V, left, lateral hemisphere",146149505,115,126,138,-16.8912213898362,-47.2425910313657,-19.7027368080362,15496,-19,-45,-17,0.267081290807413
156434521,4735,61,156434521,CB,He-IV,"IV, left, lateral hemisphere",146149595,115,138,125,-21.0182875363178,-34.0982186817422,-28.204101901319103,15496,-20,-33,-26,0.24795598674703528
156434539,4742,61,156434539,CB,He-VIIIA,"VIIIA, left, lateral hemisphere",146146478,115,172,157,-24.1361626187907,-66.87119426990401,-59.027102218919104,15496,-22,-63,-57,0.3805511608305905
156434507,4740,61,156434507,CB,He-Crus II,"Crus II, left, lateral hemisphere",146145783,115,150,181,-22.554326094124,-89.83525361970007,-36.6197837234445,15496,-20,-86,-38,0.1448254974351989
156434491,4739,61,156434491,CB,He-Crus I,"Crus I, left, lateral hemisphere",146145918,115,142,180,-21.8613485429467,-90.2170488267239,-28.3434928888558,15496,-20,-86,-30,0.31529225684978346
156434427,4740,61,156434427,CB,He-Crus II,"Crus II, left, lateral hemisphere",146145782,115,147,182,-22.1607379900207,-90.3679619272523,-33.2248396820606,15496,-20,-87,-35,0.15013877281712162
149052696,4728,62,149052696,CB,PV-IX,"IX, left, paravermis",128130460,105,166,134,-14.0551502228569,-44.7988445101101,-53.302059869567785,15496,-12,-43,-51,0.5122526574134827
149052776,4726,62,149052776,CB,PV-VIIIA,"VIIIA, left, paravermis",128198349,105,171,159,-14.8539657166501,-67.4589617113943,-55.7671729521824,15496,-12,-65,-55,0.2641014805329697
149052760,4726,62,149052760,CB,PV-VIIIA,"VIIIA, left, paravermis",128198347,105,172,158,-14.816859361087,-66.43940670994151,-56.368024090631,15496,-12,-64,-56,0.2647963687777519
149052728,4725,62,149052728,CB,PV-VIIB,"VIIB, left, paravermis",128198488,105,167,165,-14.5660084316561,-73.6534777404329,-53.2323228095747,15496,-12,-71,-52,0.4932896814964436
147712620,4720,62,147712620,CB,PV-V,"V, left, paravermis",146086913,105,119,150,-9.46893022641642,-58.1500574831341,-11.909375509096,15496,-10,-56,-10,0.2682988138302513
147712604,4720,62,147712604,CB,PV-V,"V, left, paravermis",146086821,105,118,149,-9.16275634459093,-57.0614342054268,-10.9812838310519,15496,-10,-55,-9,0.27338952624372076
147712684,4723,62,147712684,CB,PV-Crus I,"Crus I, left, paravermis",146080276,105,140,175,-12.0571604157008,-84.7009608817213,-23.8705462718224,15496,-10,-81,-28,0.6595768751921477
147712716,4722,62,147712716,CB,PV-VI,"VI, left, paravermis",146080300,105,128,167,-11.1833310103744,-74.9231387801305,-16.4117181631007,15496,-11,-72,-18,0.6190416727747236
147712636,4724,62,147712636,CB,PV-Crus II,"Crus II, left, paravermis",146080227,105,155,179,-13.289057034773,-87.65821669012409,-41.25064499994209,15496,-11,-84,-42,0.23440878412553243
147712686,4711,63,147712686,CB,Ve-IX,IX,146140605,94,151,147,-4.3251159884679,-56.7137165527145,-40.1058099474794,15496,0,-54,-40,0.3360270507357739
147712560,4709,63,147712560,CB,Ve-VIIIA,VIIIA,146806879,94,156,159,-3.6890770633246297,-68.6598868049235,-44.0196587519422,15496,0,-66,-44,0.1824668358873438
147712670,4711,63,147712670,CB,Ve-IX,IX,146140604,94,151,146,-4.58798114751149,-55.8166767125657,-40.2974513628806,15496,0,-53,-40,0.32593950176877634
147712702,4708,63,147712702,CB,Ve-VIIB,VIIB,146140659,94,143,161,-2.9149581438217096,-69.7646537324612,-31.5168616228351,15496,0,-67,-31,0.3351143566947995
147712720,4707,63,147712720,CB,Ve-VIIAt,VIIAt,146141465,94,145,167,-1.1987239173823,-77.2081460358805,-33.4566562561632,15496,-1,-73,-33,0.37077348679304123
147712704,4707,63,147712704,CB,Ve-VIIAt,VIIAt,146141482,94,147,165,-1.6324599917393798,-75.4435379049014,-35.8027346702998,15496,-1,-71,-35,0.2719224850679266
147712640,4705,63,147712640,CB,Ve-VI,VI,146140937,94,130,161,-2.49746319957179,-68.2687973996505,-20.930872146513103,15496,0,-66,-21,0.27617021707388073
158402984,4710,64,158402984,CB,Ve-VIIIB,VIIIB,156416197,93,147,168,-4.71943591855545,-73.7485582482569,-39.2170495435539,15697,-2,-71,-37,0.2721607557708217
158402888,4710,64,158402888,CB,Ve-VIIIB,VIIIB,156416196,93,150,173,-4.23473755342126,-78.36992227760041,-40.9652010011437,15697,-3,-75,-40,0.538952767171643
158402986,4713,64,158402986,CB,Ve-X,X,156421427,93,138,144,-1.32105941270081,-51.37503659236871,-31.4465617452903,15697,1,-50,-28,0.5211537927389145
158402970,4711,64,158402970,CB,Ve-IX,IX,156421528,93,149,153,-2.2028881504024502,-59.13055261912189,-39.8532842492585,15697,0,-58,-39,0.42985919969422476
158402938,4702,64,158402938,CB,Ve-IV,IV,156421167,93,114,142,-1.56741398831765,-49.74800024489671,-6.27482138589679,15697,0,-48,-4,0.31540816738491967
158402948,4720,63,158402948,CB,PV-V,"V, left, paravermis",156426541,103,119,155,-12.4545097577077,-57.5657607328661,-11.6571309425899,15697,-10,-58,-9,0.299448571707073
158402900,4720,63,158402900,CB,PV-V,"V, left, paravermis",156426540,103,119,157,-12.9193998481388,-58.789076714727706,-11.6888615371523,15697,-10,-60,-9,0.3487158324569464
159226131,4718,63,159226131,CB,PV-III,"III, left, paravermis",156426442,103,128,128,-10.9283080537071,-36.068181455259904,-18.6289332823636,15697,-8,-34,-16,0.16337747871875763
158403012,4722,63,158403012,CB,PV-VI,"VI, left, paravermis",156428327,103,121,168,-15.627825456129198,-67.2764231335984,-14.5116044949333,15697,-11,-70,-11,0.5624830573797226
158402996,4724,63,158402996,CB,PV-Crus II,"Crus II, left, paravermis",156428465,103,139,188,-13.2553546243361,-90.5789224655657,-31.686350976029896,15697,-12,-86,-30,0.5224332367932355
158402966,4727,63,158402966,CB,PV-VIIIB,"VIIIB, left, paravermis",156512561,103,166,157,-13.4492155914534,-63.316904990816,-53.29241648948529,15697,-12,-60,-54,0.38373459461662507
158402934,4725,63,158402934,CB,PV-VIIB,"VIIB, left, paravermis",156512883,103,165,165,-13.5960835586915,-72.63846119158771,-53.366711337148296,15697,-13,-67,-53,0.3230939880013466
158402870,4725,63,158402870,CB,PV-VIIB,"VIIB, left, paravermis",156512886,103,162,165,-13.8661301310342,-71.9882373281445,-51.041836918657104,15697,-13,-68,-51,0.3717268324560589
159226067,4739,62,159226067,CB,He-Crus I,"Crus I, left, lateral hemisphere",156518272,119,145,182,-29.15767358279989,-87.06317990066759,-32.7980573757623,15697,-27,-81,-34,0.0578510937413999
158402866,4739,62,158402866,CB,He-Crus I,"Crus I, left, lateral hemisphere",156518272,118,145,182,-28.2590123676342,-87.2403530129957,-33.0042615610738,15697,-26,-81,-34,0.06414014407034431
158402994,4736,62,158402994,CB,He-V,"V, left, lateral hemisphere",156517736,119,134,144,-26.025872703381,-50.2138049887365,-23.9692348558484,15697,-25,-48,-21,0.16117988979177816
158403006,4742,61,158403006,CB,He-VIIIA,"VIIIA, left, lateral hemisphere",156555757,128,171,151,-37.0183530559983,-60.4661557395952,-60.8495212139927,15697,-35,-53,-57,0.5903622617324193
159226051,4738,61,159226051,CB,He-VI,"VI, left, lateral hemisphere",156553101,128,137,143,-36.12671163615221,-49.405424848515,-26.6609245802582,15697,-34,-47,-24,0.47058728337287903
158402848,4740,61,158402848,CB,He-Crus II,"Crus II, left, lateral hemisphere",156560175,128,158,171,-38.0987822558033,-79.3364558136573,-45.3767796079982,15697,-36,-72,-46,0.6702367508852923
158402920,4706,64,158402920,CB,Ve-VIIAf,VIIAf,156416593,93,132,171,-4.33228440053009,-72.46814806524759,-29.2581865608407,15697,-1,-72,-23,0.531034121910731
158402906,4700,64,158402906,CB,Ve-I-II,I-II,156420952,93,130,135,-0.756439323908895,-42.2755740046134,-20.3459168014012,15697,1,-41,-17,0.21761469862290791
158402890,4713,64,158402890,CB,Ve-X,X,156421426,93,139,144,-1.51146378994826,-51.278587014721786,-32.464483644586394,15697,1,-50,-30,0.5191744886911832
158402874,4711,64,158402874,CB,Ve-IX,IX,156421527,93,151,156,-2.95954933432985,-62.46898396843161,-41.9856977186336,15697,0,-60,-41,0.36898872682026457
158402858,4703,64,158402858,CB,Ve-V,V,156421286,93,107,156,-0.777484804890904,-58.0636764471947,-3.23857551821332,15697,0,-60,3,0.5788057446479797
158403000,4700,64,158403000,CB,Ve-I-II,I-II,156420951,93,131,137,-0.8556553288132259,-44.2968504504364,-21.966590994530893,15697,0,-43,-18,0.24488720204681158
158402902,4727,63,158402902,CB,PV-VIIIB,"VIIIB, left, paravermis",156512560,103,163,158,-13.6511070999322,-62.9875825270152,-50.615741299853,15697,-12,-61,-51,0.36253504931098884
158403024,4743,62,158403024,CB,He-VIIIB,"VIIIB, left, lateral hemisphere",156515261,119,163,136,-28.2808797221955,-41.0843285083207,-54.989192250954105,15697,-26,-40,-49,0.4326233054910387
158402978,4742,62,158402978,CB,He-VIIIA,"VIIIA, left, lateral hemisphere",156518379,119,169,158,-28.370629258971896,-67.46470583760029,-57.2221886067418,15697,-27,-60,-55,0.4439490921795368
158402962,4741,62,158402962,CB,He-VIIB,"VIIB, left, lateral hemisphere",156518370,119,163,167,-28.9613876997512,-76.5678788445463,-51.9978796434773,15697,-27,-69,-51,0.8911609034985304
158402946,4740,62,158402946,CB,He-Crus II,"Crus II, left, lateral hemisphere",156518347,119,152,179,-29.282793247571306,-86.66673902265791,-40.0953182164967,15697,-28,-80,-42,0.3834436707771741
158402930,4739,62,158402930,CB,He-Crus I,"Crus I, left, lateral hemisphere",156518346,119,143,183,-29.0128134212667,-87.2781646329061,-30.95434574703511,15697,-27,-81,-32,0.06617838243255392
158402882,4740,62,158402882,CB,He-Crus II,"Crus II, left, lateral hemisphere",156518342,119,151,179,-29.388874870098,-86.5081785337574,-39.0625866800244,15697,-28,-79,-40,0.259780738916662
158402852,4738,62,158402852,CB,He-VI,"VI, left, lateral hemisphere",156517952,119,133,158,-28.7662687199567,-60.755530771654215,-20.8059358811599,15697,-27,-61,-18,0.5298317720492681
158403010,4738,62,158403010,CB,He-VI,"VI, left, lateral hemisphere",156517951,119,133,159,-28.946427542291,-61.5423897253547,-20.632654346083697,15697,-27,-61,-18,0.5298317720492681
158402958,4738,61,158402958,CB,He-VI,"VI, left, lateral hemisphere",156553100,128,136,145,-36.22030104242,-51.271777145661495,-25.3643428880235,15697,-34,-49,-23,0.4853642821311951
158402880,4739,61,158402880,CB,He-Crus I,"Crus I, left, lateral hemisphere",156560176,128,139,178,-37.88615875014271,-82.1385551838907,-24.3209194806134,15697,-36,-78,-26,0.6433197110891342
158402952,4708,64,158402952,CB,Ve-VIIB,VIIB,156416285,93,137,171,-4.49387894018744,-74.1557106191011,-31.9275398453474,15697,-1,-72,-27,0.5223063351586461
158402936,4707,64,158402936,CB,Ve-VIIAt,VIIAt,156416418,93,142,186,-4.07539312371678,-87.8718910438142,-35.0871302870459,15697,-3,-85,-33,0.6263681461936549
158402872,4709,64,158402872,CB,Ve-VIIIA,VIIIA,156416122,93,144,181,-4.293779129939,-83.7318377289843,-36.76752150294229,15697,-3,-80,-34,0.7440109550952911
158402922,4701,64,158402922,CB,Ve-III,III,156421078,93,119,136,-1.35314652976565,-44.156906090390606,-10.9704509402528,15697,0,-44,-9,0.21490991917940286
158403032,4702,64,158403032,CB,Ve-IV,IV,156421166,93,113,144,-1.7933583634558898,-51.3427817100416,-5.567318438895311,15697,0,-50,-3,0.3440758275985718
158403016,4701,64,158403016,CB,Ve-III,III,156421077,93,119,138,-1.12195250188944,-45.5802888215412,-11.5198399514462,15697,0,-46,-9,0.2240483857691288
158402932,4719,63,158402932,CB,PV-IV,"IV, left, paravermis",156426493,103,122,134,-9.848865067087551,-42.308780826205286,-12.2448947431279,15697,-9,-41,-10,0.31580664310604334
158402916,4718,63,158402916,CB,PV-III,"III, left, paravermis",156426443,103,129,128,-10.9378174398655,-36.0167959483948,-19.601267484217697,15697,-8,-34,-17,0.16337747871875763
158402950,4726,63,158402950,CB,PV-VIIIA,"VIIIA, left, paravermis",156512631,103,166,158,-13.5313004866069,-64.4057706120612,-53.282630056772696,15697,-12,-61,-54,0.338086568617395
158402918,4728,63,158402918,CB,PV-IX,"IX, left, paravermis",156511927,103,170,149,-12.4538148556361,-57.891300436332905,-59.393786776878,15697,-11,-53,-58,0.4439922256602181
158402850,4746,62,158402850,CB,He-X,"X, left, lateral hemisphere",156515194,119,158,134,-27.7396182253325,-37.989395379017786,-48.6836930533811,15697,-25,-38,-44,0.6165010780096054
158403008,4735,62,158403008,CB,He-IV,"IV, left, lateral hemisphere",156515336,119,135,128,-26.367068741191893,-36.204816526915394,-25.254630249703304,15697,-24,-35,-22,0.33118144671122235
158402976,4746,62,158402976,CB,He-X,"X, left, lateral hemisphere",156515193,119,157,135,-27.4769196082802,-39.02728887984279,-47.3914000151138,15697,-25,-39,-44,0.5962705452527318
158402944,4735,62,158402944,CB,He-IV,"IV, left, lateral hemisphere",156515362,119,135,129,-26.142643375580302,-37.0835600847551,-25.2308513992533,15697,-24,-36,-22,0.32625911831855775
158402914,4742,62,158402914,CB,He-VIIIA,"VIIIA, left, lateral hemisphere",156518378,119,168,160,-28.5527946081138,-69.56246834796521,-56.319196626967496,15697,-27,-62,-55,0.5108448577423891
158402990,4738,61,158402990,CB,He-VI,"VI, left, lateral hemisphere",156553101,127,137,143,-35.0782829410414,-49.3358218813864,-26.4954287872718,15697,-33,-47,-24,0.4295406013727188
158402864,4741,61,158402864,CB,He-VIIB,"VIIB, left, lateral hemisphere",156560936,128,169,154,-37.2170784799173,-63.3781207792224,-58.5483050236059,15697,-35,-56,-55,0.6390511956479814
158403022,4739,61,158403022,CB,He-Crus I,"Crus I, left, lateral hemisphere",156560174,128,142,178,-37.5153413620751,-82.1417163647765,-27.5565133574546,15697,-36,-77,-29,0.5487627719129835
158402954,4703,64,158402954,CB,Ve-V,V,156421287,93,107,155,-0.715690334890103,-57.47844056796272,-2.99228770897555,15697,0,-59,3,0.5967482527097067
158402968,4709,64,158402968,CB,Ve-VIIIA,VIIIA,156416123,93,146,181,-3.9904251788078,-84.3522548071714,-38.0305526975198,15697,-4,-81,-36,0.6848313464568212
158402856,4708,64,158402856,CB,Ve-VIIB,VIIB,156416318,93,136,170,-4.13482807003286,-73.1488825284155,-31.2536676060754,15697,-1,-72,-26,0.5440890121459961
158403030,4707,64,158403030,CB,Ve-VIIAt,VIIAt,156416417,93,141,188,-3.90346798711376,-89.38970092179459,-34.3492840394955,15697,-2,-87,-32,0.6050720810890198
158403014,4706,64,158403014,CB,Ve-VIIAf,VIIAf,156416592,93,130,173,-5.10109987530945,-73.15322828904759,-28.379313557164306,15697,-1,-74,-21,0.5936878704362445
158402884,4719,63,158402884,CB,PV-IV,"IV, left, paravermis",156427266,103,121,135,-9.755200755698551,-43.272209900078,-11.1317661148842,15697,-9,-42,-9,0.3160589002072811
158402854,4724,63,158402854,CB,PV-Crus II,"Crus II, left, paravermis",156428428,103,143,187,-12.9434941991049,-90.89768632017272,-34.511624466861,15697,-13,-86,-34,0.34723857949887005
158402982,4728,63,158402982,CB,PV-IX,"IX, left, paravermis",156511928,103,171,146,-12.0874192619593,-55.142569546365,-61.4032595607775,15697,-11,-50,-59,0.37580498142374885
158402886,4726,63,158402886,CB,PV-VIIIA,"VIIIA, left, paravermis",156512630,103,166,161,-13.710702085192,-68.0574406169063,-53.5523633480479,15697,-12,-64,-54,0.2485218197107315
158402992,4734,62,158402992,CB,He-III,"III, left, lateral hemisphere",156515495,119,137,125,-26.696452130929494,-32.967922776655804,-27.127791023078604,15697,-24,-32,-23,0.34606899533952984
158402960,4743,62,158402960,CB,He-VIIIB,"VIIIB, left, lateral hemisphere",156515260,119,164,135,-28.1455545504999,-40.5910716416844,-55.7545065915409,15697,-26,-38,-51,0.4267619655412786
158402928,4734,62,158402928,CB,He-III,"III, left, lateral hemisphere",156515494,119,137,124,-26.926357376505603,-32.0032454172075,-27.022193935953805,15697,-24,-32,-23,0.34606899533952984
158402898,4741,62,158402898,CB,He-VIIB,"VIIB, left, lateral hemisphere",156518351,119,162,169,-28.9912253257384,-78.5099832419016,-50.926542101261,15697,-28,-71,-50,0.9345223094735827
158403026,4736,62,158403026,CB,He-V,"V, left, lateral hemisphere",156517737,119,134,145,-26.2055819596562,-51.0267095505529,-23.9634018691603,15697,-26,-49,-20,0.2020492744114664
158402974,4742,61,158402974,CB,He-VIIIA,"VIIIA, left, lateral hemisphere",156555701,128,170,151,-37.2233609828082,-60.27622983596,-60.03739060668861,15697,-35,-53,-56,0.5956075282560455
158402912,4741,61,158402912,CB,He-VIIB,"VIIB, left, lateral hemisphere",156560937,128,170,153,-37.066059480103895,-62.4342475416462,-59.6088368650426,15697,-35,-55,-56,0.6207503825426102
158402896,4740,61,158402896,CB,He-Crus II,"Crus II, left, lateral hemisphere",156560177,128,160,170,-37.8026837865906,-78.5047590918261,-47.641484561245,15697,-36,-71,-48,0.6927669708217893
